Nom,Prenom,Site,Fonction,Service,Login,Mail,No Telephone,No Fax,Portable,Mot de passe Initial
Bastardie,Alain,Arcueil,Formateur,Formation,ABastardie,ABastardie@aston.fr,145874596,145874520,632558712,Pa$$w0rd28
Richard,Anthony,Arcueil,Responsable SI,DSI,ARichard,ARichard@aston.fr,145874598,145874522,632558714,Pa$$w0rd45
Kroch,Alice,Arcueil,Responsable RH,Ressources Humaines,AKroch,AKroch@aston.fr,145874599,145874523,632558715,Pa$$w0rd30
Langlais,Sophie,Arcueil,Directice,Direction,SLanglais,SLanglais@aston.fr,145874600,145874524,632558716,Pa$$w0rd31
Cover,Harry,Arcueil,Developpeur,Developpemment,HCover,HCover@aston.fr,145874601,145874525,632558717,Pa$$w0rd32
Mennell,Jon,Arcueil,Formateur,Formation,JMennell,JMennell@aston.fr,145874602,145874526,632558718,Pa$$w0rd33
Nemard,Jean,Arcueil,Support Arcueil,DSI,JNemard,JNemard@aston.fr,145874603,145874527,632558719,Pa$$w0rd34
Themee,Jerome,Arcueil,Formateur,Formation,JThemee,JThemee@aston.fr,145874604,145874528,632558720,Pa$$w0rd35
Roverselli,Gino,Arcueil,Formateur,Formation,GRoverselli,GRoverselli@aston.fr,145874605,145874529,632558721,Pa$$w0rd36
Ayre,Axelle,Arcueil,Responsable Technique Boulogne,DSI,Aayre,AAyre@aston.fr,145874606,145874530,632558722,Pa$$w0rd37
Porth,Sarah,Arcueil,Commercial,Commercial,SPorth,MBianchet@aston.fr,145874607,145874531,632558723,Pa$$w0rd38
Erny,Stephane,Arcueil,Responsable Pédagogique,Formation,SErny,SErny@aston.fr,145874608,145874532,632558724,Pa$$w0rd39
Jawor,Alexandre,Arcueil,Formateur,Formation,AJawor,AJawor@aston.fr,145874610,145874534,632558726,Pa$$w0rd41
Matti,Nicolas,Arcueil,Commercial,Commercial,NMatti,NMatti@aston.fr,145874617,145874541,632558733,Pa$$w0rd48
Bagg,Romy,Arcueil,Responsable Administratif,Administratif,RBagg,RBagg@aston.fr,145874631,145874555,632558747,Pa$$w0rd63
Kleth,Lara,Arcueil,Assistante Administratif,Administratif,LKleth,LKleth@aston.fr,145874631,145874555,632558747,Pa$$w0rd64
Amal,Paul,Arcueil,RH,Ressources Humaines,PAmal,PAmal@aston.fr,145874631,145874555,632558747,Pa$$w0rd65
Dubois,Georges,Boulogne,Commercial,Commercial,GDubois,GDubois@aston.fr,145874613,145874537,632558729,Pa$$w0rd44
Carrara,Serge,Boulogne,Commercial,Commercial,SCarrara,SCarrara@aston.fr,145874614,145874538,632558730,Pa$$w0rd45
Tran,Albert,Boulogne,Commercial,Commercial,ATran,ATran@aston.fr,145874615,145874539,632558731,Pa$$w0rd46
Babo,Nadir,Boulogne,Developpeur PHP,Developpemment,NBabo,NBabo@aston.fr,145874618,145874542,632558734,Pa$$w0rd49
Bidouj,Christophe,Boulogne,Developpeur PHP,Developpemment,CBidouj,CBidouj@aston.fr,145874619,145874543,632558735,Pa$$w0rd50
Ercis,Xavier,Boulogne,Developpeur PHP,Developpemment,XErcis,XErcis@aston.fr,145874620,145874544,632558736,Pa$$w0rd51
Ourcille,Sarak,Boulogne,Developpeur PHP,Developpemment,SOurcille,SOurcille@aston.fr,145874621,145874545,632558737,Pa$$w0rd52
Fontaine,Claire,Boulogne,Developpeur PHP,Developpemment,CFontaine,CFontaine@aston.fr,145874622,145874546,632558738,Pa$$w0rd53
Gomes,Jay,Boulogne,Developpeur PHP,Developpemment,JGomes,JGomes@aston.fr,145874623,145874547,632558739,Pa$$w0rd54
Conhu,Alain,Boulogne,Chef de Projet,Developpemment,AConhu,AConhu@aston.fr,145874624,145874548,632558740,Pa$$w0rd55
Aypalle,Pierre,Boulogne,Developpeur PHP,Developpemment,PAypalle,PAypalle@aston.fr,145874625,145874549,632558741,Pa$$w0rd56
Guillou,Thomas,Boulogne,Developpeur PHP,Developpemment,TGuillou,TGuillou@aston.fr,145874626,145874550,632558742,Pa$$w0rd57
Onais,Paul,Boulogne,Developpeur PHP,Developpemment,POnais,POnais@aston.fr,145874627,145874551,632558743,Pa$$w0rd58
Nodanche,Jessica,Boulogne,Developpeur PHP,Developpemment,JNodanche,JNodanche@aston.fr,145874628,145874552,632558744,Pa$$w0rd59
Renault,Christophe,Boulogne,Developpeur PHP,Developpemment,CRenault,CRenault@aston.fr,145874629,145874553,632558745,Pa$$w0rd60
Banks,Robin,Boulogne,Commercial,Commercial,Rbanks,RBanks@aston.fr,145874631,145874555,632558747,Pa$$w0rd62
Walonhe,Patrice,Boulogne,Chef de Projet,Developpemment,WPatrice,PWalonhe@aston.fr,145874631,145874555,632558747,Pa$$w0rd66
Castellucci,Jean-François,Boulogne,Directeur,Direction,JCastellucci,JCastellucci@aston.fr,145874611,145874535,632558727,Pa$$w0rd43
